{"z_tilde":[[265.0,265.0,264.99999999999994,256.0,265.0,265.0],[308.0,308.0,307.99999999999994,308.0,308.0,308.0],[216.0,216.0,216.0,216.0,216.0,216.0],[302.0,302.0,302.00000000000006,302.0,302.0,302.0],[497.0,497.00000000000057,529.7626092781004,475.0,497.0,497.0],[0.0,0.0,565.0,503.0,0.0,0.0],[581.0,581.0,650.5939010001861,336.0,581.0000000000001,581.0000000000001],[510.0,510.0,590.0989744643246,497.0,510.0,510.0],[685.9999999999937,686.0,685.9999999999999,686.0,686.0,686.0],[616.0,616.0,616.0,510.0,616.0,616.0],[504.0,504.0,566.6912903623875,445.0,504.0,504.0],[574.0,574.0,579.0,530.0,574.0,574.0]],"time":[[2.895791,4.0457,0.489085,0.003342,1.371641,1.727048],[1.758386,1.819759,0.059754,0.000527,0.496978,0.538333],[2.409541,1.557116,0.38014,0.000296,0.591117,0.583452],[1.717306,2.134931,0.056316,0.000243,0.233173,0.225277],[84.538274,114.617506,0.326316,0.000926,102.657962,59.181038],[1838.034956,1827.076185,0.382485,0.001362,1840.464444,1851.606956],[14.799398,11.402872,0.585003,0.000532,13.105857,18.13143],[214.812656,88.201943,0.298916,0.000489,192.007747,94.374464],[13.552851,17.933606,0.363249,0.00034,4.687544,4.435505],[12.770348,18.434016,0.295825,0.000449,15.589525,21.463428],[145.146478,127.441427,0.486583,0.000443,119.664359,83.283261],[55.456876,57.041197,0.497426,0.000439,32.412301,41.649245]],"z_star":[265.0,308.0,216.0,302.0,497.00000000000057,0.0,581.0,510.0,686.0,616.0,504.0,574.0]}